id;email;password;name;country
1;gisela91@example.com;Cv!705FG#$;"nu;evo";Kazajstán
2;abrilbenitez@example.com;nM7HjnKx##;Adriana Torralba Urrutia;Estados Unidos de América
3;eliasselena@example.net;u$V0Evlu@x;Rosaura Marti;Maldivas
4;tbernal@example.net;+0OZ*aJq)m;Moisés Madrigal Beltran;Ucrania
5;jorge12@example.net;aJ70R3h*J*;Ruben Ramiro Roura Coello;Maldivas
6;jose-angelgaray@example.org;LT#1Ga*w)%;Marc Granados Ávila;Alemania
7;nicanor99@example.org;kn(0Zw#L0u;Pelayo Valenciano Molins;Rwanda
8;pablo55@example.org;@&8AQE2jsJ;Nicolasa Aguilar;El Salvador
9;cbarriga@example.com;%G4Fg&Icqa;Raquel Belén Lara Pozo;Mozambique
10;nayaraacuna@example.com;j@8C^Wl27Z;Reyes Garay Calvet;Botswana
